[{"pos_x": 200.15, "pos_y": -35.85, "rotation": 0.0, "side": "top", "designator": "H4", "mpn": null, "pack": "MountingHole_3.2mm_M3_Pad_Via", "value": "MountingHole", "mount_type": null}, {"pos_x": 200.15, "pos_y": -80.15, "rotation": 0.0, "side": "top", "designator": "H2", "mpn": null, "pack": "MountingHole_3.2mm_M3_Pad_Via", "value": "MountingHole", "mount_type": null}, {"pos_x": 81.85, "pos_y": -80.15, "rotation": 0.0, "side": "top", "designator": "H1", "mpn": null, "pack": "MountingHole_3.2mm_M3_Pad_Via", "value": "MountingHole", "mount_type": null}, {"pos_x": 81.85, "pos_y": -35.85, "rotation": 0.0, "side": "top", "designator": "H3", "mpn": null, "pack": "MountingHole_3.2mm_M3_Pad_Via", "value": "MountingHole", "mount_type": null}]